[{"name":"sql.active_record","payload":{"sql":"SELECT  \"users\".* FROM \"users\"  WHERE \"users\".\"id\" = $1 LIMIT 1","name":"User Load","connection_id":70324538973680,"binds":[[{"name":"id","sql_type":"integer","null":false,"limit":null,"precision":null,"scale":null,"type":"integer","default":null,"primary":true,"coder":null},1]]},"time":"2013-11-11T09:33:25+00:00","transaction_id":"54be331147dac2299e74","end":"2013-11-11T09:33:25+00:00","duration":0.4},{"name":"sql.active_record","payload":{"sql":"SELECT \"users\".* FROM \"users\" ","name":"User Load","connection_id":70324538973680,"binds":[]},"time":"2013-11-11T09:33:25+00:00","transaction_id":"54be331147dac2299e74","end":"2013-11-11T09:33:25+00:00","duration":0.285},{"name":"render_template.action_view","payload":{"identifier":"/Users/jon/pagination/cookbook_pagination_end/app/views/users/index.html.haml","layout":"layouts/application"},"time":"2013-11-11T09:33:25+00:00","transaction_id":"a857c19eba8635207137","end":"2013-11-11T09:33:25+00:00","duration":4.18},{"name":"process_action.action_controller","payload":{"controller":"UsersController","action":"index","params":{"action":"index","controller":"users"},"format":"html","method":"GET","path":"/users","status":200,"view_runtime":9.124,"db_runtime":0.685},"time":"2013-11-11T09:33:25+00:00","transaction_id":"a857c19eba8635207137","end":"2013-11-11T09:33:25+00:00","duration":16.014}]