[{"name":"sql.active_record","payload":{"sql":"            SELECT a.attname, format_type(a.atttypid, a.atttypmod),\n                     pg_get_expr(d.adbin, d.adrelid), a.attnotnull, a.atttypid, a.atttypmod\n              FROM pg_attribute a LEFT JOIN pg_attrdef d\n                ON a.attrelid = d.adrelid AND a.attnum = d.adnum\n             WHERE a.attrelid = '\"users\"'::regclass\n               AND a.attnum > 0 AND NOT a.attisdropped\n             ORDER BY a.attnum\n","name":"SCHEMA","connection_id":70150864701860,"binds":[]},"time":"2013-10-30T06:36:33+00:00","transaction_id":"1d4729406d63dd056027","end":"2013-10-30T06:36:33+00:00","duration":2.746},{"name":"sql.active_record","payload":{"sql":"            SELECT COUNT(*)\n            FROM pg_class c\n            LEFT JOIN pg_namespace n ON n.oid = c.relnamespace\n            WHERE c.relkind in ('v','r')\n            AND c.relname = 'users'\n            AND n.nspname = ANY (current_schemas(false))\n","name":"SCHEMA","connection_id":70150864701860,"binds":[]},"time":"2013-10-30T06:36:33+00:00","transaction_id":"1d4729406d63dd056027","end":"2013-10-30T06:36:33+00:00","duration":1.206},{"name":"sql.active_record","payload":{"sql":"          SELECT attr.attname\n          FROM pg_attribute attr\n          INNER JOIN pg_constraint cons ON attr.attrelid = cons.conrelid AND attr.attnum = cons.conkey[1]\n          WHERE cons.contype = 'p'\n            AND cons.conrelid = '\"users\"'::regclass\n","name":"SCHEMA","connection_id":70150864701860,"binds":[]},"time":"2013-10-30T06:36:33+00:00","transaction_id":"1d4729406d63dd056027","end":"2013-10-30T06:36:33+00:00","duration":0.589},{"name":"sql.active_record","payload":{"sql":"            SELECT a.attname, format_type(a.atttypid, a.atttypmod),\n                     pg_get_expr(d.adbin, d.adrelid), a.attnotnull, a.atttypid, a.atttypmod\n              FROM pg_attribute a LEFT JOIN pg_attrdef d\n                ON a.attrelid = d.adrelid AND a.attnum = d.adnum\n             WHERE a.attrelid = '\"recipes\"'::regclass\n               AND a.attnum > 0 AND NOT a.attisdropped\n             ORDER BY a.attnum\n","name":"SCHEMA","connection_id":70150864701860,"binds":[]},"time":"2013-10-30T06:36:33+00:00","transaction_id":"1d4729406d63dd056027","end":"2013-10-30T06:36:33+00:00","duration":0.651},{"name":"sql.active_record","payload":{"sql":"            SELECT COUNT(*)\n            FROM pg_class c\n            LEFT JOIN pg_namespace n ON n.oid = c.relnamespace\n            WHERE c.relkind in ('v','r')\n            AND c.relname = 'recipes'\n            AND n.nspname = ANY (current_schemas(false))\n","name":"SCHEMA","connection_id":70150864701860,"binds":[]},"time":"2013-10-30T06:36:33+00:00","transaction_id":"1d4729406d63dd056027","end":"2013-10-30T06:36:33+00:00","duration":0.299},{"name":"sql.active_record","payload":{"sql":"          SELECT attr.attname\n          FROM pg_attribute attr\n          INNER JOIN pg_constraint cons ON attr.attrelid = cons.conrelid AND attr.attnum = cons.conkey[1]\n          WHERE cons.contype = 'p'\n            AND cons.conrelid = '\"recipes\"'::regclass\n","name":"SCHEMA","connection_id":70150864701860,"binds":[]},"time":"2013-10-30T06:36:33+00:00","transaction_id":"1d4729406d63dd056027","end":"2013-10-30T06:36:33+00:00","duration":0.277},{"name":"sql.active_record","payload":{"sql":"SELECT  \"recipes\".* FROM \"recipes\"  ORDER BY created_at LIMIT 5 OFFSET 0","name":"Recipe Load","connection_id":70150864701860,"binds":[]},"time":"2013-10-30T06:36:33+00:00","transaction_id":"1d4729406d63dd056027","end":"2013-10-30T06:36:33+00:00","duration":0.51},{"name":"sql.active_record","payload":{"sql":"SELECT COUNT(*) FROM \"recipes\" ","name":null,"connection_id":70150864701860,"binds":[]},"time":"2013-10-30T06:36:33+00:00","transaction_id":"1d4729406d63dd056027","end":"2013-10-30T06:36:33+00:00","duration":0.389},{"name":"sql.active_record","payload":{"sql":"SELECT  \"users\".* FROM \"users\"  WHERE \"users\".\"id\" = 2 LIMIT 1","name":"User Load","connection_id":70150864701860,"binds":[]},"time":"2013-10-30T06:36:33+00:00","transaction_id":"1d4729406d63dd056027","end":"2013-10-30T06:36:33+00:00","duration":0.467},{"name":"sql.active_record","payload":{"sql":"SELECT  \"users\".* FROM \"users\"  WHERE \"users\".\"id\" = 3 LIMIT 1","name":"User Load","connection_id":70150864701860,"binds":[]},"time":"2013-10-30T06:36:33+00:00","transaction_id":"1d4729406d63dd056027","end":"2013-10-30T06:36:33+00:00","duration":0.29500000000000004},{"name":"sql.active_record","payload":{"sql":"SELECT  \"users\".* FROM \"users\"  WHERE \"users\".\"id\" = 3 LIMIT 1","binds":[],"name":"CACHE","connection_id":70150864701860},"time":"2013-10-30T06:36:33+00:00","transaction_id":"1d4729406d63dd056027","end":"2013-10-30T06:36:33+00:00","duration":0.002},{"name":"sql.active_record","payload":{"sql":"SELECT  \"users\".* FROM \"users\"  WHERE \"users\".\"id\" = 2 LIMIT 1","binds":[],"name":"CACHE","connection_id":70150864701860},"time":"2013-10-30T06:36:33+00:00","transaction_id":"1d4729406d63dd056027","end":"2013-10-30T06:36:33+00:00","duration":0.001},{"name":"sql.active_record","payload":{"sql":"SELECT  \"users\".* FROM \"users\"  WHERE \"users\".\"id\" = 3 LIMIT 1","binds":[],"name":"CACHE","connection_id":70150864701860},"time":"2013-10-30T06:36:33+00:00","transaction_id":"1d4729406d63dd056027","end":"2013-10-30T06:36:33+00:00","duration":0.0},{"name":"render_template.action_view","payload":{"identifier":"/Users/jon/pagination/cookbook_pagination_end/app/views/recipes/index.html.haml","layout":"layouts/application"},"time":"2013-10-30T06:36:33+00:00","transaction_id":"1d4729406d63dd056027","end":"2013-10-30T06:36:33+00:00","duration":58.539},{"name":"process_action.action_controller","payload":{"controller":"RecipesController","action":"index","params":{"page":"1","action":"index","controller":"recipes"},"format":"html","method":"GET","path":"/recipes?page=1","status":200,"view_runtime":72.189,"db_runtime":7.432},"time":"2013-10-30T06:36:33+00:00","transaction_id":"1d4729406d63dd056027","end":"2013-10-30T06:36:33+00:00","duration":100.96}]