[{"name":"sql.active_record","payload":{"sql":"SELECT  \"users\".* FROM \"users\"  WHERE \"users\".\"id\" = $1 LIMIT 1","name":"User Load","connection_id":70324538973680,"binds":[[{"name":"id","sql_type":"integer","null":false,"limit":null,"precision":null,"scale":null,"type":"integer","default":null,"primary":true,"coder":null},1]]},"time":"2013-11-11T09:33:11+00:00","transaction_id":"54be331147dac2299e74","end":"2013-11-11T09:33:11+00:00","duration":0.5509999999999999},{"name":"sql.active_record","payload":{"sql":"SELECT  \"recipes\".* FROM \"recipes\"  ORDER BY created_at LIMIT 5 OFFSET 20","name":"Recipe Load","connection_id":70324538973680,"binds":[]},"time":"2013-11-11T09:33:11+00:00","transaction_id":"54be331147dac2299e74","end":"2013-11-11T09:33:11+00:00","duration":0.656},{"name":"sql.active_record","payload":{"sql":"SELECT  \"users\".* FROM \"users\"  WHERE \"users\".\"id\" = 3 LIMIT 1","name":"User Load","connection_id":70324538973680,"binds":[]},"time":"2013-11-11T09:33:11+00:00","transaction_id":"54be331147dac2299e74","end":"2013-11-11T09:33:11+00:00","duration":0.453},{"name":"sql.active_record","payload":{"sql":"SELECT  \"users\".* FROM \"users\"  WHERE \"users\".\"id\" = 2 LIMIT 1","name":"User Load","connection_id":70324538973680,"binds":[]},"time":"2013-11-11T09:33:11+00:00","transaction_id":"54be331147dac2299e74","end":"2013-11-11T09:33:11+00:00","duration":0.46},{"name":"sql.active_record","payload":{"sql":"SELECT  \"users\".* FROM \"users\"  WHERE \"users\".\"id\" = 3 LIMIT 1","binds":[],"name":"CACHE","connection_id":70324538973680},"time":"2013-11-11T09:33:11+00:00","transaction_id":"a857c19eba8635207137","end":"2013-11-11T09:33:11+00:00","duration":0.004},{"name":"sql.active_record","payload":{"sql":"SELECT  \"users\".* FROM \"users\"  WHERE \"users\".\"id\" = 3 LIMIT 1","binds":[],"name":"CACHE","connection_id":70324538973680},"time":"2013-11-11T09:33:11+00:00","transaction_id":"a857c19eba8635207137","end":"2013-11-11T09:33:11+00:00","duration":0.001},{"name":"render_template.action_view","payload":{"identifier":"/Users/jon/pagination/cookbook_pagination_end/app/views/recipes/index.html.haml","layout":"layouts/application"},"time":"2013-11-11T09:33:11+00:00","transaction_id":"a857c19eba8635207137","end":"2013-11-11T09:33:11+00:00","duration":11.568},{"name":"process_action.action_controller","payload":{"controller":"RecipesController","action":"index","params":{"page":"5","action":"index","controller":"recipes"},"format":"html","method":"GET","path":"/recipes?page=5","status":200,"view_runtime":14.169,"db_runtime":2.125},"time":"2013-11-11T09:33:11+00:00","transaction_id":"a857c19eba8635207137","end":"2013-11-11T09:33:11+00:00","duration":18.506}]