[{"name":"sql.active_record","payload":{"sql":"SELECT  \"users\".* FROM \"users\"  WHERE \"users\".\"id\" = $1 LIMIT 1","name":"User Load","connection_id":70324538973680,"binds":[[{"name":"id","sql_type":"integer","null":false,"limit":null,"precision":null,"scale":null,"type":"integer","default":null,"primary":true,"coder":null},1]]},"time":"2013-11-11T09:33:14+00:00","transaction_id":"54be331147dac2299e74","end":"2013-11-11T09:33:14+00:00","duration":0.32899999999999996},{"name":"sql.active_record","payload":{"sql":"SELECT  \"recipes\".* FROM \"recipes\"  ORDER BY created_at LIMIT 5 OFFSET 0","name":"Recipe Load","connection_id":70324538973680,"binds":[]},"time":"2013-11-11T09:33:14+00:00","transaction_id":"54be331147dac2299e74","end":"2013-11-11T09:33:14+00:00","duration":0.425},{"name":"sql.active_record","payload":{"sql":"SELECT COUNT(*) FROM \"recipes\" ","name":null,"connection_id":70324538973680,"binds":[]},"time":"2013-11-11T09:33:14+00:00","transaction_id":"54be331147dac2299e74","end":"2013-11-11T09:33:14+00:00","duration":0.337},{"name":"sql.active_record","payload":{"sql":"SELECT  \"users\".* FROM \"users\"  WHERE \"users\".\"id\" = 2 LIMIT 1","name":"User Load","connection_id":70324538973680,"binds":[]},"time":"2013-11-11T09:33:14+00:00","transaction_id":"54be331147dac2299e74","end":"2013-11-11T09:33:14+00:00","duration":0.298},{"name":"sql.active_record","payload":{"sql":"SELECT  \"users\".* FROM \"users\"  WHERE \"users\".\"id\" = 3 LIMIT 1","name":"User Load","connection_id":70324538973680,"binds":[]},"time":"2013-11-11T09:33:14+00:00","transaction_id":"54be331147dac2299e74","end":"2013-11-11T09:33:14+00:00","duration":0.27799999999999997},{"name":"sql.active_record","payload":{"sql":"SELECT  \"users\".* FROM \"users\"  WHERE \"users\".\"id\" = 3 LIMIT 1","binds":[],"name":"CACHE","connection_id":70324538973680},"time":"2013-11-11T09:33:14+00:00","transaction_id":"d5b7c35e340aa91cec89","end":"2013-11-11T09:33:14+00:00","duration":0.002},{"name":"sql.active_record","payload":{"sql":"SELECT  \"users\".* FROM \"users\"  WHERE \"users\".\"id\" = 2 LIMIT 1","binds":[],"name":"CACHE","connection_id":70324538973680},"time":"2013-11-11T09:33:14+00:00","transaction_id":"d5b7c35e340aa91cec89","end":"2013-11-11T09:33:14+00:00","duration":0.001},{"name":"sql.active_record","payload":{"sql":"SELECT  \"users\".* FROM \"users\"  WHERE \"users\".\"id\" = 3 LIMIT 1","binds":[],"name":"CACHE","connection_id":70324538973680},"time":"2013-11-11T09:33:14+00:00","transaction_id":"d5b7c35e340aa91cec89","end":"2013-11-11T09:33:14+00:00","duration":0.002},{"name":"render_template.action_view","payload":{"identifier":"/Users/jon/pagination/cookbook_pagination_end/app/views/recipes/index.html.haml","layout":"layouts/application"},"time":"2013-11-11T09:33:14+00:00","transaction_id":"d5b7c35e340aa91cec89","end":"2013-11-11T09:33:14+00:00","duration":10.806},{"name":"process_action.action_controller","payload":{"controller":"RecipesController","action":"index","params":{"action":"index","controller":"recipes"},"format":"html","method":"GET","path":"/recipes","status":200,"view_runtime":13.044,"db_runtime":1.672},"time":"2013-11-11T09:33:14+00:00","transaction_id":"d5b7c35e340aa91cec89","end":"2013-11-11T09:33:14+00:00","duration":16.036}]