[{"name":"sql.active_record","payload":{"sql":"SELECT  \"users\".* FROM \"users\"  WHERE \"users\".\"id\" = $1 LIMIT 1","name":"User Load","connection_id":70324538973680,"binds":[[{"name":"id","sql_type":"integer","null":false,"limit":null,"precision":null,"scale":null,"type":"integer","default":null,"primary":true,"coder":null},1]]},"time":"2013-11-11T09:33:17+00:00","transaction_id":"54be331147dac2299e74","end":"2013-11-11T09:33:17+00:00","duration":0.395},{"name":"sql.active_record","payload":{"sql":"            SELECT a.attname, format_type(a.atttypid, a.atttypmod),\n                     pg_get_expr(d.adbin, d.adrelid), a.attnotnull, a.atttypid, a.atttypmod\n              FROM pg_attribute a LEFT JOIN pg_attrdef d\n                ON a.attrelid = d.adrelid AND a.attnum = d.adnum\n             WHERE a.attrelid = '\"ingredients\"'::regclass\n               AND a.attnum > 0 AND NOT a.attisdropped\n             ORDER BY a.attnum\n","name":"SCHEMA","connection_id":70324538973680,"binds":[]},"time":"2013-11-11T09:33:17+00:00","transaction_id":"54be331147dac2299e74","end":"2013-11-11T09:33:17+00:00","duration":1.031},{"name":"sql.active_record","payload":{"sql":"            SELECT COUNT(*)\n            FROM pg_class c\n            LEFT JOIN pg_namespace n ON n.oid = c.relnamespace\n            WHERE c.relkind in ('v','r')\n            AND c.relname = 'ingredients'\n            AND n.nspname = ANY (current_schemas(false))\n","name":"SCHEMA","connection_id":70324538973680,"binds":[]},"time":"2013-11-11T09:33:17+00:00","transaction_id":"54be331147dac2299e74","end":"2013-11-11T09:33:17+00:00","duration":0.345},{"name":"sql.active_record","payload":{"sql":"          SELECT attr.attname\n          FROM pg_attribute attr\n          INNER JOIN pg_constraint cons ON attr.attrelid = cons.conrelid AND attr.attnum = cons.conkey[1]\n          WHERE cons.contype = 'p'\n            AND cons.conrelid = '\"ingredients\"'::regclass\n","name":"SCHEMA","connection_id":70324538973680,"binds":[]},"time":"2013-11-11T09:33:17+00:00","transaction_id":"54be331147dac2299e74","end":"2013-11-11T09:33:17+00:00","duration":0.257},{"name":"sql.active_record","payload":{"sql":"SELECT \"ingredients\".* FROM \"ingredients\" ","name":"Ingredient Load","connection_id":70324538973680,"binds":[]},"time":"2013-11-11T09:33:17+00:00","transaction_id":"54be331147dac2299e74","end":"2013-11-11T09:33:17+00:00","duration":1.178},{"name":"render_template.action_view","payload":{"identifier":"/Users/jon/pagination/cookbook_pagination_end/app/views/ingredients/index.html.haml","layout":"layouts/application"},"time":"2013-11-11T09:33:17+00:00","transaction_id":"d5b7c35e340aa91cec89","end":"2013-11-11T09:33:17+00:00","duration":13.136},{"name":"process_action.action_controller","payload":{"controller":"IngredientsController","action":"index","params":{"action":"index","controller":"ingredients"},"format":"html","method":"GET","path":"/ingredients","status":200,"view_runtime":15.265999999999998,"db_runtime":3.206},"time":"2013-11-11T09:33:17+00:00","transaction_id":"d5b7c35e340aa91cec89","end":"2013-11-11T09:33:17+00:00","duration":23.2}]