[{"name":"sql.active_record","payload":{"sql":"SELECT  \"users\".* FROM \"users\"  WHERE \"users\".\"id\" = $1 LIMIT 1","name":"User Load","connection_id":70324538973680,"binds":[[{"name":"id","sql_type":"integer","null":false,"limit":null,"precision":null,"scale":null,"type":"integer","default":null,"primary":true,"coder":null},1]]},"time":"2013-11-11T09:33:28+00:00","transaction_id":"54be331147dac2299e74","end":"2013-11-11T09:33:28+00:00","duration":0.34600000000000003},{"name":"sql.active_record","payload":{"sql":"SELECT  \"recipes\".* FROM \"recipes\"  ORDER BY created_at LIMIT 5 OFFSET 0","name":"Recipe Load","connection_id":70324538973680,"binds":[]},"time":"2013-11-11T09:33:28+00:00","transaction_id":"54be331147dac2299e74","end":"2013-11-11T09:33:28+00:00","duration":0.479},{"name":"sql.active_record","payload":{"sql":"SELECT COUNT(*) FROM \"recipes\" ","name":null,"connection_id":70324538973680,"binds":[]},"time":"2013-11-11T09:33:28+00:00","transaction_id":"54be331147dac2299e74","end":"2013-11-11T09:33:28+00:00","duration":0.339},{"name":"sql.active_record","payload":{"sql":"SELECT  \"users\".* FROM \"users\"  WHERE \"users\".\"id\" = 2 LIMIT 1","name":"User Load","connection_id":70324538973680,"binds":[]},"time":"2013-11-11T09:33:28+00:00","transaction_id":"54be331147dac2299e74","end":"2013-11-11T09:33:28+00:00","duration":0.305},{"name":"sql.active_record","payload":{"sql":"SELECT  \"users\".* FROM \"users\"  WHERE \"users\".\"id\" = 3 LIMIT 1","name":"User Load","connection_id":70324538973680,"binds":[]},"time":"2013-11-11T09:33:28+00:00","transaction_id":"54be331147dac2299e74","end":"2013-11-11T09:33:28+00:00","duration":0.215},{"name":"sql.active_record","payload":{"sql":"SELECT  \"users\".* FROM \"users\"  WHERE \"users\".\"id\" = 3 LIMIT 1","binds":[],"name":"CACHE","connection_id":70324538973680},"time":"2013-11-11T09:33:28+00:00","transaction_id":"d5b7c35e340aa91cec89","end":"2013-11-11T09:33:28+00:00","duration":0.005},{"name":"sql.active_record","payload":{"sql":"SELECT  \"users\".* FROM \"users\"  WHERE \"users\".\"id\" = 2 LIMIT 1","binds":[],"name":"CACHE","connection_id":70324538973680},"time":"2013-11-11T09:33:28+00:00","transaction_id":"d5b7c35e340aa91cec89","end":"2013-11-11T09:33:28+00:00","duration":0.001},{"name":"sql.active_record","payload":{"sql":"SELECT  \"users\".* FROM \"users\"  WHERE \"users\".\"id\" = 3 LIMIT 1","binds":[],"name":"CACHE","connection_id":70324538973680},"time":"2013-11-11T09:33:28+00:00","transaction_id":"d5b7c35e340aa91cec89","end":"2013-11-11T09:33:28+00:00","duration":0.001},{"name":"render_template.action_view","payload":{"identifier":"/Users/jon/pagination/cookbook_pagination_end/app/views/recipes/index.html.haml","layout":"layouts/application"},"time":"2013-11-11T09:33:28+00:00","transaction_id":"d5b7c35e340aa91cec89","end":"2013-11-11T09:33:28+00:00","duration":10.684000000000001},{"name":"process_action.action_controller","payload":{"controller":"RecipesController","action":"index","params":{"action":"index","controller":"recipes"},"format":"html","method":"GET","path":"/recipes","status":200,"view_runtime":12.731000000000002,"db_runtime":1.6909999999999998},"time":"2013-11-11T09:33:28+00:00","transaction_id":"d5b7c35e340aa91cec89","end":"2013-11-11T09:33:28+00:00","duration":15.761000000000001}]