[{"name":"sql.active_record","payload":{"sql":"SELECT  \"users\".* FROM \"users\"  WHERE \"users\".\"id\" = $1 LIMIT 1","name":"User Load","connection_id":70324538973680,"binds":[[{"name":"id","sql_type":"integer","null":false,"limit":null,"precision":null,"scale":null,"type":"integer","default":null,"primary":true,"coder":null},1]]},"time":"2013-11-11T09:33:05+00:00","transaction_id":"54be331147dac2299e74","end":"2013-11-11T09:33:05+00:00","duration":0.6819999999999999},{"name":"sql.active_record","payload":{"sql":"SELECT  \"recipes\".* FROM \"recipes\"  ORDER BY created_at LIMIT 5 OFFSET 5","name":"Recipe Load","connection_id":70324538973680,"binds":[]},"time":"2013-11-11T09:33:05+00:00","transaction_id":"54be331147dac2299e74","end":"2013-11-11T09:33:05+00:00","duration":0.5950000000000001},{"name":"sql.active_record","payload":{"sql":"SELECT COUNT(*) FROM \"recipes\" ","name":null,"connection_id":70324538973680,"binds":[]},"time":"2013-11-11T09:33:05+00:00","transaction_id":"54be331147dac2299e74","end":"2013-11-11T09:33:05+00:00","duration":0.29},{"name":"sql.active_record","payload":{"sql":"SELECT  \"users\".* FROM \"users\"  WHERE \"users\".\"id\" = 3 LIMIT 1","name":"User Load","connection_id":70324538973680,"binds":[]},"time":"2013-11-11T09:33:05+00:00","transaction_id":"54be331147dac2299e74","end":"2013-11-11T09:33:05+00:00","duration":0.499},{"name":"sql.active_record","payload":{"sql":"SELECT  \"users\".* FROM \"users\"  WHERE \"users\".\"id\" = 2 LIMIT 1","name":"User Load","connection_id":70324538973680,"binds":[]},"time":"2013-11-11T09:33:05+00:00","transaction_id":"54be331147dac2299e74","end":"2013-11-11T09:33:05+00:00","duration":0.484},{"name":"sql.active_record","payload":{"sql":"SELECT  \"users\".* FROM \"users\"  WHERE \"users\".\"id\" = 3 LIMIT 1","binds":[],"name":"CACHE","connection_id":70324538973680},"time":"2013-11-11T09:33:05+00:00","transaction_id":"a857c19eba8635207137","end":"2013-11-11T09:33:05+00:00","duration":0.003},{"name":"sql.active_record","payload":{"sql":"SELECT  \"users\".* FROM \"users\"  WHERE \"users\".\"id\" = 3 LIMIT 1","binds":[],"name":"CACHE","connection_id":70324538973680},"time":"2013-11-11T09:33:05+00:00","transaction_id":"a857c19eba8635207137","end":"2013-11-11T09:33:05+00:00","duration":0.002},{"name":"sql.active_record","payload":{"sql":"SELECT  \"users\".* FROM \"users\"  WHERE \"users\".\"id\" = 2 LIMIT 1","binds":[],"name":"CACHE","connection_id":70324538973680},"time":"2013-11-11T09:33:05+00:00","transaction_id":"a857c19eba8635207137","end":"2013-11-11T09:33:05+00:00","duration":0.002},{"name":"render_template.action_view","payload":{"identifier":"/Users/jon/pagination/cookbook_pagination_end/app/views/recipes/index.html.haml","layout":"layouts/application"},"time":"2013-11-11T09:33:05+00:00","transaction_id":"a857c19eba8635207137","end":"2013-11-11T09:33:05+00:00","duration":13.991999999999999},{"name":"process_action.action_controller","payload":{"controller":"RecipesController","action":"index","params":{"page":"2","action":"index","controller":"recipes"},"format":"html","method":"GET","path":"/recipes?page=2","status":200,"view_runtime":16.106,"db_runtime":2.5569999999999995},"time":"2013-11-11T09:33:05+00:00","transaction_id":"a857c19eba8635207137","end":"2013-11-11T09:33:05+00:00","duration":20.812}]