[{"name":"sql.active_record","payload":{"sql":"            SELECT a.attname, format_type(a.atttypid, a.atttypmod),\n                     pg_get_expr(d.adbin, d.adrelid), a.attnotnull, a.atttypid, a.atttypmod\n              FROM pg_attribute a LEFT JOIN pg_attrdef d\n                ON a.attrelid = d.adrelid AND a.attnum = d.adnum\n             WHERE a.attrelid = '\"users\"'::regclass\n               AND a.attnum > 0 AND NOT a.attisdropped\n             ORDER BY a.attnum\n","name":"SCHEMA","connection_id":70324538973680,"binds":[]},"time":"2013-11-11T09:33:00+00:00","transaction_id":"54be331147dac2299e74","end":"2013-11-11T09:33:00+00:00","duration":2.864},{"name":"sql.active_record","payload":{"sql":"            SELECT COUNT(*)\n            FROM pg_class c\n            LEFT JOIN pg_namespace n ON n.oid = c.relnamespace\n            WHERE c.relkind in ('v','r')\n            AND c.relname = 'users'\n            AND n.nspname = ANY (current_schemas(false))\n","name":"SCHEMA","connection_id":70324538973680,"binds":[]},"time":"2013-11-11T09:33:00+00:00","transaction_id":"54be331147dac2299e74","end":"2013-11-11T09:33:00+00:00","duration":0.742},{"name":"sql.active_record","payload":{"sql":"          SELECT attr.attname\n          FROM pg_attribute attr\n          INNER JOIN pg_constraint cons ON attr.attrelid = cons.conrelid AND attr.attnum = cons.conkey[1]\n          WHERE cons.contype = 'p'\n            AND cons.conrelid = '\"users\"'::regclass\n","name":"SCHEMA","connection_id":70324538973680,"binds":[]},"time":"2013-11-11T09:33:00+00:00","transaction_id":"54be331147dac2299e74","end":"2013-11-11T09:33:00+00:00","duration":0.455},{"name":"sql.active_record","payload":{"sql":"SHOW search_path","name":"SCHEMA","connection_id":70324538973680,"binds":[]},"time":"2013-11-11T09:33:00+00:00","transaction_id":"54be331147dac2299e74","end":"2013-11-11T09:33:00+00:00","duration":0.171},{"name":"sql.active_record","payload":{"sql":"SELECT  \"users\".* FROM \"users\"  WHERE \"users\".\"id\" = $1 LIMIT 1","name":"User Load","connection_id":70324538973680,"binds":[[{"name":"id","sql_type":"integer","null":false,"limit":null,"precision":null,"scale":null,"type":"integer","default":null,"primary":true,"coder":null},1]]},"time":"2013-11-11T09:33:00+00:00","transaction_id":"54be331147dac2299e74","end":"2013-11-11T09:33:00+00:00","duration":3.1},{"name":"sql.active_record","payload":{"sql":"            SELECT a.attname, format_type(a.atttypid, a.atttypmod),\n                     pg_get_expr(d.adbin, d.adrelid), a.attnotnull, a.atttypid, a.atttypmod\n              FROM pg_attribute a LEFT JOIN pg_attrdef d\n                ON a.attrelid = d.adrelid AND a.attnum = d.adnum\n             WHERE a.attrelid = '\"recipes\"'::regclass\n               AND a.attnum > 0 AND NOT a.attisdropped\n             ORDER BY a.attnum\n","name":"SCHEMA","connection_id":70324538973680,"binds":[]},"time":"2013-11-11T09:33:00+00:00","transaction_id":"54be331147dac2299e74","end":"2013-11-11T09:33:00+00:00","duration":0.9959999999999999},{"name":"sql.active_record","payload":{"sql":"            SELECT COUNT(*)\n            FROM pg_class c\n            LEFT JOIN pg_namespace n ON n.oid = c.relnamespace\n            WHERE c.relkind in ('v','r')\n            AND c.relname = 'recipes'\n            AND n.nspname = ANY (current_schemas(false))\n","name":"SCHEMA","connection_id":70324538973680,"binds":[]},"time":"2013-11-11T09:33:00+00:00","transaction_id":"54be331147dac2299e74","end":"2013-11-11T09:33:00+00:00","duration":0.519},{"name":"sql.active_record","payload":{"sql":"          SELECT attr.attname\n          FROM pg_attribute attr\n          INNER JOIN pg_constraint cons ON attr.attrelid = cons.conrelid AND attr.attnum = cons.conkey[1]\n          WHERE cons.contype = 'p'\n            AND cons.conrelid = '\"recipes\"'::regclass\n","name":"SCHEMA","connection_id":70324538973680,"binds":[]},"time":"2013-11-11T09:33:00+00:00","transaction_id":"54be331147dac2299e74","end":"2013-11-11T09:33:00+00:00","duration":0.33},{"name":"sql.active_record","payload":{"sql":"SELECT  \"recipes\".* FROM \"recipes\"  ORDER BY created_at LIMIT 5 OFFSET 0","name":"Recipe Load","connection_id":70324538973680,"binds":[]},"time":"2013-11-11T09:33:00+00:00","transaction_id":"54be331147dac2299e74","end":"2013-11-11T09:33:00+00:00","duration":1.149},{"name":"sql.active_record","payload":{"sql":"SELECT COUNT(*) FROM \"recipes\" ","name":null,"connection_id":70324538973680,"binds":[]},"time":"2013-11-11T09:33:00+00:00","transaction_id":"54be331147dac2299e74","end":"2013-11-11T09:33:00+00:00","duration":0.40900000000000003},{"name":"sql.active_record","payload":{"sql":"SELECT  \"users\".* FROM \"users\"  WHERE \"users\".\"id\" = 2 LIMIT 1","name":"User Load","connection_id":70324538973680,"binds":[]},"time":"2013-11-11T09:33:00+00:00","transaction_id":"54be331147dac2299e74","end":"2013-11-11T09:33:00+00:00","duration":0.449},{"name":"sql.active_record","payload":{"sql":"SELECT  \"users\".* FROM \"users\"  WHERE \"users\".\"id\" = 3 LIMIT 1","name":"User Load","connection_id":70324538973680,"binds":[]},"time":"2013-11-11T09:33:00+00:00","transaction_id":"54be331147dac2299e74","end":"2013-11-11T09:33:00+00:00","duration":0.312},{"name":"sql.active_record","payload":{"sql":"SELECT  \"users\".* FROM \"users\"  WHERE \"users\".\"id\" = 3 LIMIT 1","binds":[],"name":"CACHE","connection_id":70324538973680},"time":"2013-11-11T09:33:00+00:00","transaction_id":"54be331147dac2299e74","end":"2013-11-11T09:33:00+00:00","duration":0.002},{"name":"sql.active_record","payload":{"sql":"SELECT  \"users\".* FROM \"users\"  WHERE \"users\".\"id\" = 2 LIMIT 1","binds":[],"name":"CACHE","connection_id":70324538973680},"time":"2013-11-11T09:33:00+00:00","transaction_id":"54be331147dac2299e74","end":"2013-11-11T09:33:00+00:00","duration":0.001},{"name":"sql.active_record","payload":{"sql":"SELECT  \"users\".* FROM \"users\"  WHERE \"users\".\"id\" = 3 LIMIT 1","binds":[],"name":"CACHE","connection_id":70324538973680},"time":"2013-11-11T09:33:00+00:00","transaction_id":"54be331147dac2299e74","end":"2013-11-11T09:33:00+00:00","duration":0.001},{"name":"render_template.action_view","payload":{"identifier":"/Users/jon/pagination/cookbook_pagination_end/app/views/recipes/index.html.haml","layout":"layouts/application"},"time":"2013-11-11T09:33:00+00:00","transaction_id":"54be331147dac2299e74","end":"2013-11-11T09:33:00+00:00","duration":62.81399999999999},{"name":"process_action.action_controller","payload":{"controller":"RecipesController","action":"index","params":{"controller":"recipes","action":"index"},"format":"html","method":"GET","path":"/","status":200,"view_runtime":90.32799999999999,"db_runtime":11.5},"time":"2013-11-11T09:33:00+00:00","transaction_id":"54be331147dac2299e74","end":"2013-11-11T09:33:00+00:00","duration":125.593}]